image,label
绿豆糕包装1/绿豆糕包装1/Pic_2026_07_01_112517_41.bmp,
绿豆糕包装1/绿豆糕包装1/Pic_2026_07_01_112521_42.bmp,
绿豆糕包装1/绿豆糕包装1/Pic_2026_07_01_112525_43.bmp,
绿豆糕包装1/绿豆糕包装1/Pic_2026_07_01_112546_44.bmp,
绿豆糕包装1/绿豆糕包装1/Pic_2026_07_01_112550_45.bmp,
绿豆糕包装1/绿豆糕包装1/Pic_2026_07_01_112555_46.bmp,
绿豆糕包装1/绿豆糕包装1/Pic_2026_07_01_112602_47.bmp,
绿豆糕包装1/绿豆糕包装1/Pic_2026_07_01_112607_48.bmp,
绿豆糕包装1/绿豆糕包装1/Pic_2026_07_01_112610_49.bmp,
绿豆糕包装1/绿豆糕包装1/Pic_2026_07_01_112615_50.bmp,
绿豆糕包装1/绿豆糕包装1/Pic_2026_07_01_112621_51.bmp,
绿豆糕包装1/绿豆糕包装1/Pic_2026_07_01_112625_52.bmp,
绿豆糕包装1/绿豆糕包装1/Pic_2026_07_01_112627_53.bmp,
绿豆糕包装1/绿豆糕包装1/Pic_2026_07_01_112630_54.bmp,
绿豆糕包装1/绿豆糕包装1/Pic_2026_07_01_112632_55.bmp,
绿豆糕包装1/绿豆糕包装1/Pic_2026_07_01_112636_56.bmp,
绿豆糕包装1/绿豆糕包装1/Pic_2026_07_01_112639_57.bmp,
绿豆糕包装1/绿豆糕包装1/Pic_2026_07_01_112643_58.bmp,
绿豆糕包装1/绿豆糕包装1/Pic_2026_07_01_112647_59.bmp,
绿豆糕包装1/绿豆糕包装1/Pic_2026_07_01_112650_60.bmp,
绿豆糕包装1/绿豆糕包装1/Pic_2026_07_01_112654_61.bmp,
绿豆糕包装1/绿豆糕包装1/Pic_2026_07_01_112658_62.bmp,
绿豆糕包装1/绿豆糕包装1/Pic_2026_07_01_112701_63.bmp,
绿豆糕包装1/绿豆糕包装1/Pic_2026_07_01_112707_64.bmp,
绿豆糕包装1/绿豆糕包装1/Pic_2026_07_01_112710_65.bmp,
绿豆糕包装1/绿豆糕包装1/Pic_2026_07_01_112713_66.bmp,
绿豆糕包装1/绿豆糕包装1/Pic_2026_07_01_112716_67.bmp,
绿豆糕包装1/绿豆糕包装1/Pic_2026_07_01_112718_68.bmp,
绿豆糕包装1/绿豆糕包装1/Pic_2026_07_01_112727_70.bmp,
绿豆糕包装1/绿豆糕包装1/Pic_2026_07_01_112732_71.bmp,
绿豆糕包装1/绿豆糕包装1/Pic_2026_07_01_112736_72.bmp,
绿豆糕包装1/绿豆糕包装1/Pic_2026_07_01_112739_73.bmp,
绿豆糕包装1/绿豆糕包装1/Pic_2026_07_01_112745_74.bmp,
绿豆糕包装1/绿豆糕包装1/Pic_2026_07_01_112751_75.bmp,
绿豆糕包装1/绿豆糕包装1/Pic_2026_07_01_112759_77.bmp,
绿豆糕包装1/绿豆糕包装1/Pic_2026_07_01_112819_78.bmp,
绿豆糕包装1/绿豆糕包装1/Pic_2026_07_01_112823_79.bmp,
绿豆糕包装1/绿豆糕包装1/Pic_2026_07_01_112826_80.bmp,
绿豆糕包装1/绿豆糕包装1/Pic_2026_07_01_112828_81.bmp,
绿豆糕包装1/绿豆糕包装1/Pic_2026_07_01_112831_82.bmp,
绿豆糕包装1/绿豆糕包装1/Pic_2026_07_01_112835_83.bmp,
绿豆糕包装1/绿豆糕包装1/Pic_2026_07_01_112842_84.bmp,
绿豆糕包装1/绿豆糕包装1/Pic_2026_07_01_112849_85.bmp,
绿豆糕包装1/绿豆糕包装1/Pic_2026_07_01_112854_86.bmp,
绿豆糕包装1/绿豆糕包装1/Pic_2026_07_01_112858_87.bmp,
绿豆糕包装1/绿豆糕包装1/Pic_2026_07_01_112902_88.bmp,
绿豆糕包装1/绿豆糕包装1/Pic_2026_07_01_112917_89.bmp,
绿豆糕包装1/绿豆糕包装1/Pic_2026_07_01_112921_90.bmp,
绿豆糕包装1/绿豆糕包装1/Pic_2026_07_01_112924_91.bmp,
绿豆糕包装1/绿豆糕包装1/Pic_2026_07_01_112926_92.bmp,
绿豆糕包装1/绿豆糕包装1/Pic_2026_07_01_112929_93.bmp,
绿豆糕包装1/绿豆糕包装1/Pic_2026_07_01_112932_94.bmp,
绿豆糕包装1/绿豆糕包装1/Pic_2026_07_01_112934_95.bmp,
绿豆糕包装2/绿豆糕包装2/Pic_2026_07_01_031531_1.bmp,
绿豆糕包装2/绿豆糕包装2/Pic_2026_07_01_031534_2.bmp,
绿豆糕包装2/绿豆糕包装2/Pic_2026_07_01_031542_3.bmp,
绿豆糕包装2/绿豆糕包装2/Pic_2026_07_01_031547_4.bmp,
绿豆糕包装2/绿豆糕包装2/Pic_2026_07_01_031556_5.bmp,
绿豆糕包装2/绿豆糕包装2/Pic_2026_07_01_031605_6.bmp,
绿豆糕包装2/绿豆糕包装2/Pic_2026_07_01_031623_7.bmp,
绿豆糕包装2/绿豆糕包装2/Pic_2026_07_01_031631_8.bmp,
绿豆糕包装2/绿豆糕包装2/Pic_2026_07_01_031640_9.bmp,
绿豆糕包装2/绿豆糕包装2/Pic_2026_07_01_031646_10.bmp,
绿豆糕包装2/绿豆糕包装2/Pic_2026_07_01_031652_11.bmp,
绿豆糕包装2/绿豆糕包装2/Pic_2026_07_01_031659_12.bmp,
绿豆糕包装2/绿豆糕包装2/Pic_2026_07_01_031717_13.bmp,
绿豆糕包装2/绿豆糕包装2/Pic_2026_07_01_031724_14.bmp,
绿豆糕包装2/绿豆糕包装2/Pic_2026_07_01_031732_15.bmp,
绿豆糕包装2/绿豆糕包装2/Pic_2026_07_01_031736_16.bmp,
绿豆糕包装2/绿豆糕包装2/Pic_2026_07_01_031741_17.bmp,
绿豆糕包装2/绿豆糕包装2/Pic_2026_07_01_031746_18.bmp,
绿豆糕包装2/绿豆糕包装2/Pic_2026_07_01_031801_19.bmp,
绿豆糕包装2/绿豆糕包装2/Pic_2026_07_01_031806_20.bmp,
绿豆糕包装2/绿豆糕包装2/Pic_2026_07_01_031811_21.bmp,
绿豆糕包装2/绿豆糕包装2/Pic_2026_07_01_031816_22.bmp,
绿豆糕包装2/绿豆糕包装2/Pic_2026_07_01_031840_23.bmp,
绿豆糕包装2/绿豆糕包装2/Pic_2026_07_01_031845_24.bmp,
绿豆糕包装2/绿豆糕包装2/Pic_2026_07_01_031852_25.bmp,
绿豆糕包装2/绿豆糕包装2/Pic_2026_07_01_031923_26.bmp,
绿豆糕包装2/绿豆糕包装2/Pic_2026_07_01_031928_27.bmp,
绿豆糕包装2/绿豆糕包装2/Pic_2026_07_01_031933_28.bmp,
绿豆糕包装2/绿豆糕包装2/Pic_2026_07_01_031939_29.bmp,
绿豆糕包装2/绿豆糕包装2/Pic_2026_07_01_031944_30.bmp,
绿豆糕包装2/绿豆糕包装2/Pic_2026_07_01_031950_31.bmp,
绿豆糕包装2/绿豆糕包装2/Pic_2026_07_01_031955_32.bmp,
绿豆糕包装2/绿豆糕包装2/Pic_2026_07_01_032004_33.bmp,
绿豆糕包装2/绿豆糕包装2/Pic_2026_07_01_032008_34.bmp,
绿豆糕包装2/绿豆糕包装2/Pic_2026_07_01_032014_35.bmp,
绿豆糕包装2/绿豆糕包装2/Pic_2026_07_01_032019_36.bmp,
绿豆糕包装2/绿豆糕包装2/Pic_2026_07_01_032025_37.bmp,
绿豆糕包装2/绿豆糕包装2/Pic_2026_07_01_032041_38.bmp,
绿豆糕包装2/绿豆糕包装2/Pic_2026_07_01_032047_39.bmp,
绿豆糕包装2/绿豆糕包装2/Pic_2026_07_01_032053_40.bmp,
绿豆糕包装2/绿豆糕包装2/Pic_2026_07_01_032100_41.bmp,
绿豆糕包装2/绿豆糕包装2/Pic_2026_07_01_032105_42.bmp,
绿豆糕包装2/绿豆糕包装2/Pic_2026_07_01_032118_43.bmp,
绿豆糕包装2/绿豆糕包装2/Pic_2026_07_01_032124_44.bmp,
绿豆糕包装2/绿豆糕包装2/Pic_2026_07_01_032130_45.bmp,
绿豆糕包装2/绿豆糕包装2/Pic_2026_07_01_032136_46.bmp,
绿豆糕包装2/绿豆糕包装2/Pic_2026_07_01_032142_47.bmp,
绿豆糕包装2/绿豆糕包装2/Pic_2026_07_01_032147_48.bmp,
绿豆糕包装2/绿豆糕包装2/Pic_2026_07_01_032152_49.bmp,
绿豆糕包装2/绿豆糕包装2/Pic_2026_07_01_032207_50.bmp,
绿豆糕包装2/绿豆糕包装2/Pic_2026_07_01_032215_51.bmp,
绿豆糕包装2/绿豆糕包装2/Pic_2026_07_01_032221_52.bmp,
绿豆糕包装2/绿豆糕包装2/Pic_2026_07_01_032238_53.bmp,
绿豆糕包装2/绿豆糕包装2/Pic_2026_07_01_032243_54.bmp,
绿豆糕包装2/绿豆糕包装2/Pic_2026_07_01_032249_55.bmp,
绿豆糕包装2/绿豆糕包装2/Pic_2026_07_01_032253_56.bmp,
绿豆糕包装2/绿豆糕包装2/Pic_2026_07_01_032258_57.bmp,
绿豆糕包装2/绿豆糕包装2/Pic_2026_07_01_032303_58.bmp,
绿豆糕包装2/绿豆糕包装2/Pic_2026_07_01_032310_59.bmp,
绿豆糕包装2/绿豆糕包装2/Pic_2026_07_01_032315_60.bmp,
绿豆糕包装2/绿豆糕包装2/Pic_2026_07_01_032332_61.bmp,
绿豆糕包装3/绿豆糕包装3/Pic_2026_07_01_111749_1.bmp,
绿豆糕包装3/绿豆糕包装3/Pic_2026_07_01_111818_2.bmp,
绿豆糕包装3/绿豆糕包装3/Pic_2026_07_01_111827_3.bmp,
绿豆糕包装3/绿豆糕包装3/Pic_2026_07_01_111838_4.bmp,
绿豆糕包装3/绿豆糕包装3/Pic_2026_07_01_111846_5.bmp,
绿豆糕包装3/绿豆糕包装3/Pic_2026_07_01_111851_6.bmp,
绿豆糕包装3/绿豆糕包装3/Pic_2026_07_01_111902_7.bmp,
绿豆糕包装3/绿豆糕包装3/Pic_2026_07_01_111908_8.bmp,
绿豆糕包装3/绿豆糕包装3/Pic_2026_07_01_111920_9.bmp,
绿豆糕包装3/绿豆糕包装3/Pic_2026_07_01_111926_10.bmp,
绿豆糕包装3/绿豆糕包装3/Pic_2026_07_01_111931_11.bmp,
绿豆糕包装3/绿豆糕包装3/Pic_2026_07_01_111945_12.bmp,
绿豆糕包装3/绿豆糕包装3/Pic_2026_07_01_111949_13.bmp,
绿豆糕包装3/绿豆糕包装3/Pic_2026_07_01_111954_14.bmp,
绿豆糕包装3/绿豆糕包装3/Pic_2026_07_01_112000_15.bmp,
绿豆糕包装3/绿豆糕包装3/Pic_2026_07_01_112003_16.bmp,
绿豆糕包装3/绿豆糕包装3/Pic_2026_07_01_112009_17.bmp,
绿豆糕包装3/绿豆糕包装3/Pic_2026_07_01_112053_18.bmp,
绿豆糕包装3/绿豆糕包装3/Pic_2026_07_01_112105_20.bmp,
绿豆糕包装3/绿豆糕包装3/Pic_2026_07_01_112109_21.bmp,
绿豆糕包装3/绿豆糕包装3/Pic_2026_07_01_112113_22.bmp,
绿豆糕包装3/绿豆糕包装3/Pic_2026_07_01_112117_23.bmp,
绿豆糕包装3/绿豆糕包装3/Pic_2026_07_01_112121_24.bmp,
绿豆糕包装3/绿豆糕包装3/Pic_2026_07_01_112128_25.bmp,
绿豆糕包装3/绿豆糕包装3/Pic_2026_07_01_112132_26.bmp,
绿豆糕包装3/绿豆糕包装3/Pic_2026_07_01_112138_27.bmp,
绿豆糕包装3/绿豆糕包装3/Pic_2026_07_01_112212_28.bmp,
绿豆糕包装3/绿豆糕包装3/Pic_2026_07_01_112222_29.bmp,
绿豆糕包装3/绿豆糕包装3/Pic_2026_07_01_112225_30.bmp,
绿豆糕包装3/绿豆糕包装3/Pic_2026_07_01_112245_32.bmp,
绿豆糕包装3/绿豆糕包装3/Pic_2026_07_01_112305_33.bmp,
绿豆糕包装3/绿豆糕包装3/Pic_2026_07_01_112315_34.bmp,
绿豆糕包装3/绿豆糕包装3/Pic_2026_07_01_112359_36.bmp,
绿豆糕包装3/绿豆糕包装3/Pic_2026_07_01_112409_37.bmp,
绿豆糕包装3/绿豆糕包装3/Pic_2026_07_01_112425_38.bmp,
绿豆糕包装3/绿豆糕包装3/Pic_2026_07_01_112433_39.bmp,
绿豆糕包装3/绿豆糕包装3/Pic_2026_07_01_112513_40.bmp,
